"Paper-id","ชื่อ Paper(Eng)","ชื่อ Paper(Th)","ชื่อผู้ส่ง","สถานะหลัก" 

"10011","test","ทดสอบ","นาย พลเมือง ดีเด่น"," รอผลการตรวจสอบ",

"10012","test","ทดสอบ","นาย พลเมือง ดีเด่น"," รอผลการตรวจสอบ",

"10013","test","สิงของลองส่งตาราง","นาย พลเมือง ดีเด่น"," ผ่าน",

"10014","asd","asd","นาย พลเมือง ดีเด่น"," รอผลการตรวจสอบ",

"10015","s","s","s s"," ผ่าน",

"10016","s","s","s s"," รอผลการตรวจสอบ",

"10017","d","d","s s"," รอผลการตรวจสอบ",

"10018","s","s","s s"," รอผลการตรวจสอบ",

"10020","d","d","s s"," ยังไม่ได้เลือกผู้ตรวจ",

